<?xml version="1.0" encoding="UTF-8" standalone="no" ?>
<GDTF DataVersion="0.87">

  <FixtureType Description="My Description" FixtureTypeID="F3 57 6C 0D 57 D4 8F 0A 6E 0B 18 00 73 79 01 00" Manufacturer="My Manufacturer" Name="My FixtureName" RefFT="F0 FC 21 00 79 88 17 00 F6 02 18 00 5A 87 23 00" ShortName="My shortName" Thumbnail="My thumbnail">
    <AttributeDefinitions>
      <ActivationGroups>
        <ActivationGroup Name="My actGroupName"/>
      </ActivationGroups>
      <FeatureGroups>
        <FeatureGroup Name="My featureGroupName" Pretty="My featureGroupPrettyName">
          <Feature Name="My featureName"/>
        </FeatureGroup>
      </FeatureGroups>
      <Attributes>
        <Attribute ActivationGroup="My actGroupName" Color="1.000000,0.500000,0.424242" Feature="My featureGroupName.My featureName" Name="My nameAttribute" PhysicalUnit="Angle" Pretty="My prettyNameAttribute"/>
      </Attributes>
    </AttributeDefinitions>
    <Wheels>
      <Wheel Name="My Wheel1">
        <Slot Color="0.500000,0.424242,1.000000" Name="My WheelSlot1Wheel1">
          <Facet Color="0.424242,1.000000,0.500000" Rotation="{1.000000,2.000000,3.000000}{4.000000,5.000000,6.000000}{7.000000,8.000000,9.000000}"/>
        </Slot>
      </Wheel>
    </Wheels>
    <PhysicalDescriptions>
      <Emitters>
        <Emitter Color="1.000000,0.500000,0.424242" Name="My nameEmitter">
          <Measurement Energy="200.000000" WaveLength="100.000000"/>
        </Emitter>
      </Emitters>
      <DMXProfiles/>
      <Emitters>
        <Emitters/>
      </Emitters>
    </PhysicalDescriptions>
    <Models>
      <Model File="My file3DSGeometry" Height="10.000000" Length="30.000000" Name="My nameModel" PrimitiveType="Sphere" Width="20.000000"/>
    </Models>
    <Geometries>
      <Geometry Model="My nameModel" Name="My nameGeometry" Position="{1.000000,2.000000,3.000000,10.000000}{4.000000,5.000000,6.000000,11.000000}{7.000000,8.000000,9.000000,12.000000}{0,0,0,1}">
        <Geometry Model="My nameModel" Name="My Inner Geo" Position="{1.000000,2.000000,3.000000,10.000000}{4.000000,5.000000,6.000000,11.000000}{7.000000,8.000000,9.000000,12.000000}{0,0,0,1}"/>
      </Geometry>
      <GeometryReference Geometry="My nameGeometry" Model="My nameModel" Name="My Reference" Position="{1.000000,2.000000,3.000000,10.000000}{4.000000,5.000000,6.000000,11.000000}{7.000000,8.000000,9.000000,12.000000}{0,0,0,1}"/>
      <GeometryReference Geometry="My nameGeometry.My Inner Geo" Model="My nameModel" Name="My Ref to Inner Obj" Position="{1.000000,2.000000,3.000000,10.000000}{4.000000,5.000000,6.000000,11.000000}{7.000000,8.000000,9.000000,12.000000}{0,0,0,1}"/>
    </Geometries>
    <DMXModes>
      <DMXMode Geometry="My nameGeometry" Name="My nameDmxMode">
        <DMXChannels>
          <DMXChannel Coarse="1" DMXBreak="7" DMXChangeTimeLimit="9.000000" Default="5/4" Fine="2" Frequency="30" Geometry="My nameGeometry" Highlight="6/4" MibFade="8.000000" Uber="4" Ultra="3">
            <LogicalChannel Attribute="My nameAttribute" Master="Grand" Snap="On">
              <ChannelFunction Attribute="My nameAttribute" DMXFrom="1/4" DMXInvert="No" EncoderInvert="Yes" Name="My nameDmxFunction" OriginalAttribute="My orginalAttribute" PhysicalFrom="2.000000" PhysicalTo="3.000000" RealFade="4.000000">
                <ChannelSet DMXFrom="1/4" Name="My nameDmxChannelSet" PhysicalFrom="10.000000" PhysicalTo="20.000000"/>
                <ChannelSet DMXFrom="3/4" Name=""/>
              </ChannelFunction>
            </LogicalChannel>
          </DMXChannel>
        </DMXChannels>
        <Relations/>
      </DMXMode>
    </DMXModes>
    <Revisions/>
    <FTPresets/>
    <FTMacros/>
  </FixtureType>

</GDTF>
